City_ID,City,Lat,Lng,Max Temp,Humidity,Cloudiness,Wind Speed,Country,Date
0,Saint-Philippe,-21.3585,55.7679,71.19,85,86,14.74,RE,2022-06-12 17:17:32
1,Beringovskiy,63.05,179.3167,38.68,62,25,3.11,RU,2022-06-12 17:17:32
2,Rikitea,-23.1203,-134.9692,72.84,65,87,7.31,PF,2022-06-12 17:17:33
3,Ostrovnoy,68.0531,39.5131,60.62,70,86,20.45,RU,2022-06-12 17:17:33
4,Saskylakh,71.9167,114.0833,58.98,48,59,5.53,RU,2022-06-12 17:17:33
5,Punta Arenas,-53.15,-70.9167,53.71,66,20,11.5,CL,2022-06-12 17:13:31
6,Lasa,46.6166,10.7002,81.48,37,11,3.42,IT,2022-06-12 17:17:34
7,Ushuaia,-54.8,-68.3,46.06,81,75,11.5,AR,2022-06-12 17:17:21
8,Hambantota,6.1241,81.1185,81.09,80,75,17.69,LK,2022-06-12 17:17:34
9,Coquimbo,-29.9533,-71.3436,55.13,71,0,8.05,CL,2022-06-12 17:17:35
10,Bredasdorp,-34.5322,20.0403,64.51,40,100,9.37,ZA,2022-06-12 17:17:35
11,Narsaq,60.9167,-46.05,50.22,91,100,5.79,GL,2022-06-12 17:17:36
12,Toyooka,35.5333,134.8333,58.28,93,100,0.56,JP,2022-06-12 17:17:36
13,Havoysund,70.9963,24.6622,44.83,94,100,31.88,NO,2022-06-12 17:17:37
14,Bluff,-46.6,168.3333,34.81,82,22,9.46,NZ,2022-06-12 17:17:37
15,Provideniya,64.3833,-173.3,35.83,66,31,6.15,RU,2022-06-12 17:17:38
16,New Norfolk,-42.7826,147.0587,40.91,85,44,1.99,AU,2022-06-12 17:17:23
17,Hermanus,-34.4187,19.2345,68.81,56,100,19.69,ZA,2022-06-12 17:16:01
18,Laguna,38.421,-121.4238,79.14,62,40,19.57,US,2022-06-12 17:17:38
19,Taltal,-25.4,-70.4833,62.67,70,21,4.97,CL,2022-06-12 17:17:10
20,Jamestown,42.097,-79.2353,69.39,67,99,5.01,US,2022-06-12 17:13:35
21,Morant Bay,17.8815,-76.4093,90.72,72,96,15.48,JM,2022-06-12 17:17:39
22,Lagodekhi,41.8268,46.2767,72.5,58,96,4.74,GE,2022-06-12 17:17:39
23,Rivadavia,-33.1905,-68.4608,59.83,34,31,7.4,AR,2022-06-12 17:17:13
24,Zhdankovskiy,53.7532,38.1795,63.88,88,55,8.08,RU,2022-06-12 17:17:40
25,Hastings,50.8552,0.5729,70.99,57,81,12.37,GB,2022-06-12 17:17:40
26,Busselton,-33.65,115.3333,59.0,73,100,31.16,AU,2022-06-12 17:17:41
27,Georgetown,5.4112,100.3354,80.53,83,20,0.0,MY,2022-06-12 17:13:05
28,Semey,50.4111,80.2275,77.04,55,100,7.18,KZ,2022-06-12 17:17:41
29,Yellowknife,62.456,-114.3525,63.12,63,75,12.66,CA,2022-06-12 17:17:42
30,Maputo,-25.9653,32.5892,67.23,72,0,10.36,MZ,2022-06-12 17:17:42
31,Felanitx,39.4696,3.1483,87.46,47,0,6.62,ES,2022-06-12 17:17:42
32,Brigantine,39.4101,-74.3646,73.6,86,20,5.75,US,2022-06-12 17:17:43
33,Fortuna,40.5982,-124.1573,58.93,95,100,11.5,US,2022-06-12 17:17:43
34,Swan Hill,-35.3378,143.5544,45.3,91,35,6.49,AU,2022-06-12 17:17:44
35,Port Macquarie,-31.4333,152.9167,40.89,73,57,8.32,AU,2022-06-12 17:17:44
36,Palana,59.1167,159.9667,37.6,96,100,8.41,RU,2022-06-12 17:17:45
37,Healdsburg,38.6105,-122.8692,74.1,77,100,9.22,US,2022-06-12 17:13:33
38,Nieuw Amsterdam,5.8833,-55.0833,82.02,83,40,6.91,SR,2022-06-12 17:17:45
39,Karratha,-20.7377,116.8463,75.49,61,92,4.41,AU,2022-06-12 17:17:46
40,Mataura,-46.1927,168.8643,34.48,98,67,2.66,NZ,2022-06-12 17:17:46
41,Puerto Ayora,-0.7393,-90.3518,80.56,91,71,5.99,EC,2022-06-12 17:17:46
42,Hobart,-42.8794,147.3294,41.25,86,68,6.91,AU,2022-06-12 17:17:47
43,Tambopata,-12.7333,-69.1833,73.29,35,0,9.22,PE,2022-06-12 17:17:47
44,Narasannapeta,18.4167,84.05,85.28,76,82,6.38,IN,2022-06-12 17:17:48
45,Kodiak,57.79,-152.4072,54.91,76,0,0.0,US,2022-06-12 17:17:48
46,Nkhotakota,-12.9274,34.2961,67.75,61,1,5.12,MW,2022-06-12 17:18:48
47,Carambei,-24.9178,-50.0972,51.03,49,1,7.96,BR,2022-06-12 17:18:49
48,East London,-33.0153,27.9116,76.14,25,0,12.66,ZA,2022-06-12 17:16:07
49,Cape Town,-33.9258,18.4232,67.37,75,100,25.32,ZA,2022-06-12 17:16:14
50,Gamut,8.5303,126.2422,75.79,95,85,1.68,PH,2022-06-12 17:18:50
51,Castro,-24.7911,-50.0119,52.86,50,3,8.88,BR,2022-06-12 17:18:50
52,Chokurdakh,70.6333,147.9167,49.95,41,11,10.8,RU,2022-06-12 17:18:50
53,Kapaa,22.0752,-159.319,77.11,85,75,16.11,US,2022-06-12 17:17:20
54,Vaitape,-16.5167,-151.75,79.12,77,31,21.47,PF,2022-06-12 17:18:51
55,Vaini,-21.2,-175.2,73.56,100,75,4.61,TO,2022-06-12 17:18:51
56,Terney,45.0503,136.6092,47.57,91,0,3.96,RU,2022-06-12 17:18:52
57,Sao Jose Dos Pinhais,-25.5347,-49.2064,57.54,36,0,17.27,BR,2022-06-12 17:18:52
58,Pevek,69.7008,170.3133,36.66,65,27,2.95,RU,2022-06-12 17:18:52
59,Salinopolis,-0.6136,-47.3561,84.07,67,8,9.53,BR,2022-06-12 17:18:53
60,Carutapera,-1.195,-46.02,86.38,59,31,7.81,BR,2022-06-12 17:16:12
61,Carndonagh,55.25,-7.2667,55.02,78,48,18.86,IE,2022-06-12 17:18:53
62,Sao Joao Da Barra,-21.6403,-41.0511,71.69,83,100,4.81,BR,2022-06-12 17:18:54
63,Itaituba,-4.2761,-55.9836,89.76,66,40,4.61,BR,2022-06-12 17:18:54
64,Inhambane,-23.865,35.3833,68.27,77,27,5.88,MZ,2022-06-12 17:18:54
65,Camacha,33.0833,-16.3333,65.62,73,40,13.8,PT,2022-06-12 17:18:55
66,Cherskiy,68.75,161.3,56.16,38,18,5.12,RU,2022-06-12 17:18:55
67,Atuona,-9.8,-139.0333,78.26,63,69,16.87,PF,2022-06-12 17:18:56
68,Marsabit,2.3284,37.9899,71.64,47,13,18.57,KE,2022-06-12 17:18:56
69,The Valley,18.217,-63.0578,86.14,66,40,19.57,AI,2022-06-12 17:18:33
70,Dzilam Gonzalez,21.2833,-88.9333,94.26,40,6,6.26,MX,2022-06-12 17:18:57
71,Ha Giang,22.8333,104.9833,78.12,99,100,0.89,VN,2022-06-12 17:16:50
72,Tuktoyaktuk,69.4541,-133.0374,33.8,93,100,10.36,CA,2022-06-12 17:18:57
73,Hovd,48.0056,91.6419,72.55,21,37,5.88,MN,2022-06-12 17:18:58
74,Ahuimanu,21.4447,-157.8378,78.51,74,40,13.8,US,2022-06-12 17:18:58
75,Khatanga,71.9667,102.5,60.1,47,31,11.5,RU,2022-06-12 17:18:59
76,Malacacheta,-17.8422,-42.0767,84.61,34,82,3.8,BR,2022-06-12 17:18:59
77,Haukipudas,65.1765,25.3523,60.85,78,100,7.94,FI,2022-06-12 17:18:59
78,Westport,41.1415,-73.3579,71.46,85,40,8.05,US,2022-06-12 17:16:08
79,Ribeira Grande,38.5167,-28.7,66.6,59,20,12.66,PT,2022-06-12 17:19:00
80,Bo Rai,12.5728,102.5371,82.72,93,94,2.1,TH,2022-06-12 17:19:00
81,Ghanzi,-21.5667,21.7833,59.36,32,0,6.38,BW,2022-06-12 17:19:00
82,Victoria,22.2855,114.1577,84.38,87,100,8.01,HK,2022-06-12 17:17:43
83,Burnie,-41.0667,145.9167,43.92,79,7,8.75,AU,2022-06-12 17:19:01
84,Palmer,42.1584,-72.3287,76.39,66,100,9.22,US,2022-06-12 17:19:01
85,Bambous Virieux,-20.3428,57.7575,71.85,88,75,14.97,MU,2022-06-12 17:19:02
86,Guarapari,-20.6667,-40.4975,72.9,82,100,6.62,BR,2022-06-12 17:19:02
87,Sakakah,29.9697,40.2064,99.97,10,0,9.71,SA,2022-06-12 17:19:03
88,Nikolskoye,59.7035,30.7861,66.09,65,96,3.78,RU,2022-06-12 17:19:03
89,Amarante Do Maranhao,-5.5667,-46.7422,86.47,56,31,5.73,BR,2022-06-12 17:19:03
90,Palmerston,-12.486,130.9833,69.78,58,6,5.75,AU,2022-06-12 17:19:04
91,Sioux City,42.5,-96.4003,87.39,46,0,9.22,US,2022-06-12 17:19:04
92,Souillac,-20.5167,57.5167,71.98,88,75,14.97,MU,2022-06-12 17:19:05
93,Wai,17.9333,73.9,72.86,85,71,4.36,IN,2022-06-12 17:19:05
94,Husavik,66.0449,-17.3389,42.4,95,100,4.18,IS,2022-06-12 17:20:06
95,Lata,40.1629,-8.3327,86.49,49,0,7.76,PT,2022-06-12 17:20:06
96,Dikson,73.5069,80.5464,30.22,94,81,15.84,RU,2022-06-12 17:20:06
97,Buritama,-21.0661,-50.1472,69.91,18,100,5.91,BR,2022-06-12 17:20:07
98,Srednekolymsk,67.45,153.6833,51.3,50,25,6.35,RU,2022-06-12 17:20:07
99,Thompson,55.7435,-97.8558,69.96,43,75,6.91,CA,2022-06-12 17:20:08
100,Tuatapere,-46.1333,167.6833,38.79,91,36,3.87,NZ,2022-06-12 17:20:08
101,Ilulissat,69.2167,-51.1,35.62,75,75,11.5,GL,2022-06-12 17:20:08
102,Tornio,65.8481,24.1466,59.02,79,58,7.25,FI,2022-06-12 17:20:09
103,Bethel,41.3712,-73.414,70.92,79,100,8.05,US,2022-06-12 17:20:09
104,Hilo,19.7297,-155.09,80.28,80,100,8.05,US,2022-06-12 17:20:09
105,Kavaratti,10.5669,72.642,80.89,80,100,15.48,IN,2022-06-12 17:17:15
106,Praia Da Vitoria,38.7333,-27.0667,66.45,72,75,21.5,PT,2022-06-12 17:16:03
107,Vao,-22.6667,167.4833,71.28,83,100,10.87,NC,2022-06-12 17:20:10
108,Kasongo-Lunda,-6.4667,16.8167,76.57,38,10,1.68,CD,2022-06-12 17:20:11
109,Carnarvon,-24.8667,113.6333,67.86,76,45,12.75,AU,2022-06-12 17:20:11
110,Lebu,-37.6167,-73.65,53.22,73,88,9.08,CL,2022-06-12 17:20:11
111,Pudozh,61.8099,36.5345,62.98,64,73,5.5,RU,2022-06-12 17:20:12
112,Ponta Do Sol,32.6667,-17.1,77.72,76,20,5.59,PT,2022-06-12 17:20:12
113,Barrow,71.2906,-156.7887,26.62,86,100,5.75,US,2022-06-12 17:16:09
114,Tateyama,34.9833,139.8667,65.1,86,60,6.4,JP,2022-06-12 17:20:13
115,Yar-Sale,66.8333,70.8333,47.41,81,100,25.97,RU,2022-06-12 17:20:13
116,Kahului,20.8947,-156.47,77.85,74,20,14.0,US,2022-06-12 17:15:58
117,Skovby,56.1534,9.957,64.22,70,37,15.03,DK,2022-06-12 17:20:13
118,Sur,22.5667,59.5289,85.82,70,0,18.45,OM,2022-06-12 17:20:14
119,Kushima,31.4583,131.2333,68.72,87,100,1.74,JP,2022-06-12 17:20:14
120,Faanui,-16.4833,-151.75,79.16,77,29,21.18,PF,2022-06-12 17:20:15
121,Independence,39.0911,-94.4155,89.11,78,0,9.22,US,2022-06-12 17:19:48
122,Klaksvik,62.2266,-6.589,50.92,94,100,16.96,FO,2022-06-12 17:20:15
123,Severo-Kurilsk,50.6789,156.125,43.23,91,71,8.08,RU,2022-06-12 17:20:16
124,Maneadero,31.7167,-116.5667,80.85,48,0,6.8,MX,2022-06-12 17:20:16
125,Airai,-8.9266,125.4092,55.51,85,87,3.27,TL,2022-06-12 17:20:17
126,Esperance,-33.8667,121.9,57.31,71,64,20.02,AU,2022-06-12 17:20:17
127,Gunjur,13.2019,-16.7339,86.07,66,20,11.5,GM,2022-06-12 17:20:17
128,Hithadhoo,-0.6,73.0833,84.15,70,100,5.3,MV,2022-06-12 17:20:18
129,Meget,52.415,104.0494,56.16,63,33,2.86,RU,2022-06-12 17:20:18
130,Mpika,-11.8343,31.4529,55.26,64,1,6.78,ZM,2022-06-12 17:20:19
131,Bengkulu,-3.8004,102.2655,77.07,84,100,3.18,ID,2022-06-12 17:20:20
132,Quatre Cocos,-20.2078,57.7625,71.71,83,100,16.89,MU,2022-06-12 17:20:20
133,Saldanha,-33.0117,17.9442,61.2,80,100,17.56,ZA,2022-06-12 17:20:20
134,Qaanaaq,77.484,-69.3632,31.33,68,78,3.36,GL,2022-06-12 17:20:21
135,Arraial Do Cabo,-22.9661,-42.0278,69.76,68,75,13.8,BR,2022-06-12 17:16:01
136,Amurzet,47.6967,131.0981,59.34,78,100,5.82,RU,2022-06-12 17:20:21
137,Puerto Del Rosario,28.5004,-13.8627,82.15,54,20,17.27,ES,2022-06-12 17:20:22
138,Garden City,42.3256,-83.331,80.85,57,75,10.36,US,2022-06-12 17:20:22
139,Olimpia,-20.7372,-48.9147,73.63,20,100,7.56,BR,2022-06-12 17:21:23
140,Woodstock,43.1334,-80.7497,74.66,84,49,11.01,CA,2022-06-12 17:20:49
141,Albany,42.6001,-73.9662,77.92,59,95,3.0,US,2022-06-12 17:21:23
142,Marsh Harbour,26.5412,-77.0636,83.03,74,100,10.85,BS,2022-06-12 17:21:24
143,Recodo,6.9519,121.9636,78.42,89,40,1.83,PH,2022-06-12 17:21:25
144,Isangel,-19.55,169.2667,76.55,87,95,2.33,VU,2022-06-12 17:21:26
145,Oksfjord,70.2396,22.3479,48.27,85,99,9.35,NO,2022-06-12 17:21:26
146,Maceio,-9.6658,-35.7353,85.44,65,40,6.91,BR,2022-06-12 17:21:27
147,Coolum Beach,-26.5333,153.1,51.22,75,97,6.35,AU,2022-06-12 17:21:28
148,Torbay,47.6666,-52.7314,71.89,58,100,12.66,CA,2022-06-12 17:21:28
149,Longyearbyen,78.2186,15.6401,39.04,81,75,2.3,SJ,2022-06-12 17:21:29
150,Uddevalla,58.3478,11.9424,59.36,79,70,8.01,SE,2022-06-12 17:21:30
151,Katsuura,35.1333,140.3,65.79,88,64,5.79,JP,2022-06-12 17:21:30
152,Totesti,45.5667,22.8833,68.2,89,78,0.22,RO,2022-06-12 17:21:31
153,Olean,42.0776,-78.4297,73.98,73,100,4.61,US,2022-06-12 17:21:31
154,Taseyevo,57.2169,94.8978,59.92,97,90,5.48,RU,2022-06-12 17:21:32
155,Vlore,40.4667,19.4897,77.13,66,1,10.98,AL,2022-06-12 17:18:42
156,Codrington,-38.2667,141.9667,51.94,81,98,8.12,AU,2022-06-12 17:21:32
157,Avarua,-21.2078,-159.775,75.25,69,20,4.61,CK,2022-06-12 17:20:24
158,Port Alfred,-33.5906,26.891,75.18,29,95,5.99,ZA,2022-06-12 17:21:33
159,Constitucion,-35.3333,-72.4167,56.52,70,48,3.65,CL,2022-06-12 17:21:33
160,Voh,-20.9667,164.7,69.75,93,100,3.22,NC,2022-06-12 17:21:34
161,Burns Lake,54.2331,-125.7533,51.22,48,39,3.74,CA,2022-06-12 17:20:04
162,Zhezkazgan,47.8043,67.7144,70.74,43,39,2.84,KZ,2022-06-12 17:21:34
163,Tiksi,71.6872,128.8694,38.39,79,69,6.78,RU,2022-06-12 17:18:30
164,Cabedelo,-6.9811,-34.8339,84.87,72,35,9.89,BR,2022-06-12 17:21:35
165,Bac Lieu,9.285,105.7244,81.46,83,90,6.51,VN,2022-06-12 17:21:35
166,Bukachacha,52.9833,116.9167,52.99,97,100,2.95,RU,2022-06-12 17:19:51
167,Cabo San Lucas,22.8909,-109.9124,93.51,31,0,11.5,MX,2022-06-12 17:21:36
168,Pisco,-13.7,-76.2167,64.02,82,75,6.91,PE,2022-06-12 17:21:36
169,Tasiilaq,65.6145,-37.6368,37.56,99,100,8.79,GL,2022-06-12 17:21:36
170,Umm Kaddadah,13.6017,26.6876,95.65,26,67,7.94,SD,2022-06-12 17:21:37
171,Teya,60.3778,92.6267,56.62,88,12,4.38,RU,2022-06-12 17:21:37
172,Butaritari,3.0707,172.7902,81.43,73,14,13.33,KI,2022-06-12 17:21:38
173,Fort Nelson,58.8053,-122.7002,60.39,36,40,0.0,CA,2022-06-12 17:21:38
174,Dakar,14.6937,-17.4441,83.28,74,75,11.5,SN,2022-06-12 17:21:39
175,Santiago,-33.4569,-70.6483,70.99,40,5,2.3,CL,2022-06-12 17:17:12
176,Ahipara,-35.1667,173.1667,57.63,83,46,22.59,NZ,2022-06-12 17:21:40
177,Dubbo,-32.25,148.6167,46.53,87,100,5.75,AU,2022-06-12 17:21:40
178,Nemuro,43.3236,145.575,47.41,99,100,17.05,JP,2022-06-12 17:21:40
179,Namibe,-15.1961,12.1522,71.04,67,19,12.64,AO,2022-06-12 17:21:41
180,Moba,33.2288,105.0179,57.56,81,100,3.33,CN,2022-06-12 17:21:41
181,Poddorye,57.4695,31.1156,67.08,72,12,3.18,RU,2022-06-12 17:21:42
182,Bubaque,11.2833,-15.8333,80.71,79,38,7.43,GW,2022-06-12 17:22:42
183,Tevaitoa,-16.7833,-151.5,78.82,78,41,24.63,PF,2022-06-12 17:22:43
184,Fairbanks,64.8378,-147.7164,58.23,74,0,0.0,US,2022-06-12 17:20:52
185,Marmande,44.5,0.1667,87.76,64,8,3.76,FR,2022-06-12 17:22:43
186,Pamyat Parizhskoy Kommuny,56.1048,44.4952,63.95,68,8,3.27,RU,2022-06-12 17:22:44
187,Arlit,18.7369,7.3853,106.47,11,28,12.24,NE,2022-06-12 17:22:44
188,Ipojuca,-8.3989,-35.0639,84.11,75,60,6.82,BR,2022-06-12 17:22:45
189,Baykit,61.67,96.37,59.49,68,100,7.83,RU,2022-06-12 17:22:45
190,Kaitangata,-46.2817,169.8464,35.55,88,34,6.91,NZ,2022-06-12 17:22:42
191,Coatzacoalcos,18.15,-94.4167,78.71,89,75,9.22,MX,2022-06-12 17:22:46
192,Abha,18.2164,42.5053,76.82,44,0,10.36,SA,2022-06-12 17:22:46
193,San Quintin,30.4833,-115.95,71.17,69,10,10.02,MX,2022-06-12 17:22:47
194,Ardakan,32.31,54.0175,90.48,14,0,10.4,IR,2022-06-12 17:22:47
195,Port Elizabeth,-33.918,25.5701,79.11,28,0,12.66,ZA,2022-06-12 17:21:23
196,Niltepec,16.5667,-94.6167,89.35,57,18,4.16,MX,2022-06-12 17:21:17
197,Sidi Ali,36.0998,0.4206,86.99,30,54,14.81,DZ,2022-06-12 17:22:48
198,Batemans Bay,-35.7167,150.1833,46.38,72,53,5.68,AU,2022-06-12 17:22:48
199,Kuusamo,65.9667,29.1833,64.44,42,0,11.5,FI,2022-06-12 17:22:49
200,Zalegoshch,52.9008,36.8869,67.19,81,36,4.88,RU,2022-06-12 17:22:49
201,Rognan,67.0953,15.3878,54.05,68,97,8.46,NO,2022-06-12 17:22:50
202,Leningradskiy,69.3833,178.4167,37.42,64,41,11.86,RU,2022-06-12 17:22:50
203,Santo Estevao,-12.4303,-39.2514,86.56,45,93,6.93,BR,2022-06-12 17:22:51
204,Pochinki,54.6988,44.8668,55.58,74,1,3.22,RU,2022-06-12 17:22:51
205,Haverhill,42.7762,-71.0773,83.57,48,40,6.91,US,2022-06-12 17:22:51
206,Bathsheba,13.2167,-59.5167,88.41,66,20,23.02,BB,2022-06-12 17:22:52
207,Erzin,36.9559,36.2,69.08,85,3,6.11,TR,2022-06-12 17:22:53
208,Ambon,-3.6954,128.1814,77.14,94,40,2.3,ID,2022-06-12 17:22:53
209,Paamiut,61.994,-49.6678,36.54,92,100,10.6,GL,2022-06-12 17:22:53
210,Atar,20.5169,-13.0499,113.11,5,17,17.58,MR,2022-06-12 17:22:54
211,Moose Factory,51.2585,-80.6094,55.4,82,75,11.5,CA,2022-06-12 17:22:54
212,Qena,26.1615,32.7183,101.12,14,0,15.05,EG,2022-06-12 17:22:55
213,Marly,50.3456,3.5496,69.94,49,47,11.39,FR,2022-06-12 17:22:55
214,Mahebourg,-20.4081,57.7,71.89,88,75,14.97,MU,2022-06-12 17:18:22
215,Port Hardy,50.6996,-127.4199,53.6,82,75,8.05,CA,2022-06-12 17:22:56
216,Shelburne,44.0787,-80.2041,67.12,80,78,12.1,CA,2022-06-12 17:21:31
217,Port Blair,11.6667,92.75,82.0,78,100,7.27,IN,2022-06-12 17:22:56
218,Bartica,6.4,-58.6167,82.72,89,92,3.09,GY,2022-06-12 17:22:57
219,Thinadhoo,0.5333,72.9333,84.27,72,100,8.88,MV,2022-06-12 17:22:57
220,Barinas,8.6226,-70.2075,71.64,100,100,4.61,VE,2022-06-12 17:22:58
221,Tulun,54.5611,100.5792,60.49,66,94,1.52,RU,2022-06-12 17:22:58
222,Hasaki,35.7333,140.8333,57.29,71,26,1.54,JP,2022-06-12 17:22:59
223,Cidreira,-30.1811,-50.2056,55.92,57,13,19.28,BR,2022-06-12 17:19:54
224,Hay River,60.8156,-115.7999,66.18,55,20,6.91,CA,2022-06-12 17:23:00
225,Upernavik,72.7868,-56.1549,29.68,75,90,13.6,GL,2022-06-12 17:23:00
226,Saint George,37.1041,-113.5841,98.8,10,0,27.63,US,2022-06-12 17:21:40
227,Great Yarmouth,52.6083,1.7305,67.06,69,100,8.21,GB,2022-06-12 17:24:01
228,Kadiri,14.1167,78.1667,82.06,58,96,16.42,IN,2022-06-12 17:24:01
229,Dongsheng,39.8161,109.9776,60.19,41,44,9.73,CN,2022-06-12 17:24:02
230,Kruisfontein,-34.0033,24.7314,76.89,20,100,18.52,ZA,2022-06-12 17:24:02
231,Margate,51.3813,1.3862,69.87,51,76,1.01,GB,2022-06-12 17:23:15
232,San Cristobal,7.7669,-72.225,75.38,91,100,4.83,VE,2022-06-12 17:24:03
233,Aosta,45.7667,7.4167,68.99,45,75,8.05,IT,2022-06-12 17:24:03
234,Faranah,10.0404,-10.7434,81.27,71,78,4.72,GN,2022-06-12 17:24:04
235,Auki,-8.7676,160.7034,75.15,83,61,3.18,SB,2022-06-12 17:24:04
236,Broken Hill,-31.95,141.4333,43.12,86,24,6.02,AU,2022-06-12 17:24:05
237,Dingle,10.9995,122.6711,77.52,85,47,3.53,PH,2022-06-12 17:24:05
238,Ternate,0.8,127.4,80.29,78,89,4.09,ID,2022-06-12 17:24:05
239,Kavieng,-2.5744,150.7967,81.03,79,31,12.17,PG,2022-06-12 17:24:06
240,Buayan,6.1164,125.2347,76.89,89,82,3.15,PH,2022-06-12 17:24:06
241,Kununurra,-15.7667,128.7333,53.58,71,38,3.44,AU,2022-06-12 17:24:07
242,Naze,28.3667,129.4833,68.92,95,99,6.53,JP,2022-06-12 17:24:07
243,Sabha,27.0377,14.4283,94.1,15,0,8.3,LY,2022-06-12 17:24:07
244,Nhulunbuy,-12.2333,136.7667,75.81,83,75,9.22,AU,2022-06-12 17:24:08
245,Windhoek,-22.5594,17.0832,64.6,32,0,5.75,NA,2022-06-12 17:19:59
246,Orotukan,62.2667,151.7,43.81,85,95,1.7,RU,2022-06-12 17:24:08
247,Charters Towers,-20.1,146.2667,48.83,58,0,7.92,AU,2022-06-12 17:24:09
248,Russell,32.3502,-85.1999,91.9,58,0,5.75,US,2022-06-12 17:24:09
249,Ixtapa,20.7,-105.2,87.22,66,20,9.22,MX,2022-06-12 17:24:10
250,Limoeiro Do Ajuru,-1.8953,-49.3806,85.12,65,18,3.53,BR,2022-06-12 17:24:10
251,Preobrazheniye,42.9019,133.9064,51.66,94,95,1.45,RU,2022-06-12 17:24:11
252,Ozark,37.0209,-93.206,94.28,65,3,1.01,US,2022-06-12 17:22:46
253,Shingu,33.7333,135.9833,62.65,62,100,6.17,JP,2022-06-12 17:24:11
254,Edeleny,48.3,20.7333,73.71,53,0,6.98,HU,2022-06-12 17:24:11
255,Karera,25.4667,78.15,96.13,29,50,12.28,IN,2022-06-12 17:24:12
256,Tezu,27.9167,96.1667,72.14,99,100,4.81,IN,2022-06-12 17:24:12
257,Nantucket,41.2835,-70.0995,73.45,91,100,8.05,US,2022-06-12 17:21:33
258,Lucapa,-8.4192,20.7447,73.71,35,1,2.55,AO,2022-06-12 17:24:13
259,Progreso,21.2833,-89.6667,92.1,50,8,6.49,MX,2022-06-12 17:24:13
260,Waingapu,-9.6567,120.2641,75.13,77,96,9.33,ID,2022-06-12 17:24:14
261,Mayakonda,14.2833,76.0833,73.65,71,37,11.36,IN,2022-06-12 17:24:14
262,Dunedin,-45.8742,170.5036,42.8,67,76,5.68,NZ,2022-06-12 17:24:14
263,Hirara,24.8,125.2833,81.23,87,100,18.75,JP,2022-06-12 17:24:15
264,Chuy,-33.6971,-53.4616,58.78,60,35,11.41,UY,2022-06-12 17:21:31
265,Sarakhs,36.5449,61.1577,82.54,36,40,0.0,IR,2022-06-12 17:19:20
266,Khammam,17.25,80.15,81.9,74,100,13.89,IN,2022-06-12 17:24:15
267,Marathon,44.9,-89.7668,67.44,54,0,5.75,US,2022-06-12 17:24:16
268,Portland,45.5234,-122.6762,56.98,90,100,6.91,US,2022-06-12 17:23:21
269,Nanortalik,60.1432,-45.2371,39.47,95,100,3.96,GL,2022-06-12 17:24:16
270,Comodoro Rivadavia,-45.8667,-67.5,66.06,18,0,12.66,AR,2022-06-12 17:24:17
271,Geraldton,-28.7667,114.6,61.21,77,100,6.91,AU,2022-06-12 17:25:17
272,Ballina,-28.8667,153.5667,51.66,70,100,8.21,AU,2022-06-12 17:25:18
273,Poum,-20.2333,164.0167,74.88,82,100,10.04,NC,2022-06-12 17:25:18
274,Mar Del Plata,-38.0023,-57.5575,60.82,67,0,5.75,AR,2022-06-12 17:22:40
275,Alta Floresta,-9.8756,-56.0861,87.62,51,40,5.75,BR,2022-06-12 17:25:19
276,Saint-Pierre,-21.3393,55.4781,71.28,78,75,19.57,RE,2022-06-12 17:20:34
277,Tobane,-21.95,27.9,58.69,51,0,7.31,BW,2022-06-12 17:25:19
278,Morondava,-20.2833,44.2833,76.32,76,7,8.79,MG,2022-06-12 17:25:20
279,Brae,60.3964,-1.353,51.04,88,99,20.6,GB,2022-06-12 17:25:20
280,Yerbogachen,61.2767,108.0108,49.12,69,37,4.09,RU,2022-06-12 17:25:20
281,Olinda,-8.0089,-34.8553,83.93,65,20,8.05,BR,2022-06-12 17:25:21
282,Northam,51.0333,-4.2167,62.62,71,0,13.58,GB,2022-06-12 17:25:21
283,San Policarpo,12.1791,125.5072,82.08,77,50,7.18,PH,2022-06-12 17:25:22
284,Irbil,36.1926,44.0106,93.02,15,0,6.91,IQ,2022-06-12 17:21:20
285,Oltu,40.5498,42.0013,59.59,88,76,4.23,TR,2022-06-12 17:25:22
286,Dawlatabad,36.4141,64.9053,84.4,26,22,9.8,AF,2022-06-12 17:25:23
287,Asfi,32.2994,-9.2372,71.06,84,25,10.63,MA,2022-06-12 17:25:23
288,Guerrero Negro,27.9769,-114.0611,71.92,63,23,13.85,MX,2022-06-12 17:25:24
289,Whitehorse,60.7161,-135.0538,46.02,98,100,9.22,CA,2022-06-12 17:25:24
290,Byron Bay,-28.65,153.6167,52.48,70,100,8.12,AU,2022-06-12 17:21:40
291,Milkovo,54.7167,158.6167,46.54,82,97,5.59,RU,2022-06-12 17:25:24
292,Chernyshevskiy,63.0128,112.4714,44.56,89,33,2.17,RU,2022-06-12 17:25:25
293,Boddam,57.4667,-1.7833,59.38,71,92,15.52,GB,2022-06-12 17:25:25
294,Shenkursk,62.1091,42.896,60.01,56,61,5.01,RU,2022-06-12 17:25:26
295,Port Augusta,-32.5,137.7667,47.61,84,92,3.29,AU,2022-06-12 17:25:26
296,Simplicio Mendes,-7.8539,-41.9103,89.56,41,60,2.91,BR,2022-06-12 17:25:26
297,Lompoc,34.6391,-120.4579,82.69,82,0,8.05,US,2022-06-12 17:25:27
298,Anloga,5.7947,0.8973,80.58,73,85,11.65,GH,2022-06-12 17:25:27
299,Wladyslawowo,54.7909,18.4009,63.95,73,95,4.63,PL,2022-06-12 17:25:28
300,Cururupu,-1.8283,-44.8683,85.24,64,31,5.79,BR,2022-06-12 17:25:28
301,Hualmay,-11.0964,-77.6139,67.87,68,62,11.54,PE,2022-06-12 17:25:28
302,Saint-Francois,46.4154,3.9054,85.68,50,0,10.36,FR,2022-06-12 17:25:29
303,Spring Valley,36.108,-115.245,97.72,14,0,20.71,US,2022-06-12 17:22:58
304,Meihekou,42.5272,125.6753,59.86,90,100,4.94,CN,2022-06-12 17:25:29
305,Bima,-8.4667,118.7167,76.84,89,100,4.38,ID,2022-06-12 17:25:30
306,Antofagasta,-23.65,-70.4,67.21,65,35,7.36,CL,2022-06-12 17:25:30
307,Cowra,-33.8333,148.6833,40.98,91,52,1.07,AU,2022-06-12 17:25:32
308,Goderich,43.7501,-81.7165,60.91,88,92,8.05,CA,2022-06-12 17:25:33
309,Sangar,63.9242,127.4739,47.43,97,100,5.21,RU,2022-06-12 17:25:33
310,Emerald,-23.5333,148.1667,47.71,64,55,9.55,AU,2022-06-12 17:25:34
311,Adrar,20.5022,-10.0711,109.65,5,0,11.83,MR,2022-06-12 17:25:34
312,Hamilton,39.1834,-84.5333,82.06,83,100,5.75,US,2022-06-12 17:20:36
313,Jacmel,18.2342,-72.5347,93.04,56,26,10.92,HT,2022-06-12 17:25:34
314,Sao Filipe,14.8961,-24.4956,75.9,74,4,6.33,CV,2022-06-12 17:25:35
315,Imeni Zhelyabova,58.9544,36.5956,63.64,59,7,6.69,RU,2022-06-12 17:25:36
316,Siguiri,11.6667,-9.5,96.19,29,51,3.96,GN,2022-06-12 17:25:36
317,Henties Bay,-22.116,14.2845,62.44,74,0,3.94,NA,2022-06-12 17:25:36
318,Asau,46.4333,26.4,67.28,92,42,8.43,RO,2022-06-12 17:25:37
319,Korla,41.7597,86.1469,86.05,13,20,6.67,CN,2022-06-12 17:25:37
320,Talnakh,69.4865,88.3972,63.21,46,100,4.5,RU,2022-06-12 17:26:38
321,General Roca,-39.0333,-67.5833,63.25,19,100,6.85,AR,2022-06-12 17:26:38
322,Umm Lajj,25.0213,37.2685,86.38,57,0,2.3,SA,2022-06-12 17:26:39
323,Aasiaat,68.7098,-52.8699,34.16,81,37,8.16,GL,2022-06-12 17:26:39
324,Srandakan,-7.9386,110.2506,77.25,87,100,3.22,ID,2022-06-12 17:26:39
325,Coihueco,-36.6167,-71.8333,53.62,100,100,2.3,CL,2022-06-12 17:26:40
326,Kushmurun,52.4503,64.6311,63.07,61,99,7.96,KZ,2022-06-12 17:26:40
327,Pula,44.8683,13.8481,79.36,47,0,9.22,HR,2022-06-12 17:26:41
328,Rocha,-34.4833,-54.3333,56.53,64,19,12.26,UY,2022-06-12 17:26:41
329,Amapa,1.0,-52.0,78.58,94,54,3.67,BR,2022-06-12 17:26:42
330,Yeniseysk,58.4497,92.1703,60.35,97,24,5.57,RU,2022-06-12 17:26:42
331,San Jose,37.3394,-121.895,82.49,61,75,5.75,US,2022-06-12 17:26:43
332,Salalah,17.0151,54.0924,86.09,84,20,9.22,OM,2022-06-12 17:26:43
333,Calama,-22.4667,-68.9333,66.69,2,0,3.44,CL,2022-06-12 17:26:30
334,Medicine Hat,50.0501,-110.6683,70.21,50,20,8.05,CA,2022-06-12 17:23:59
335,Komsomolskiy,40.4272,71.7189,75.92,50,55,9.22,UZ,2022-06-12 17:26:44
336,Lamu,-2.2717,40.902,77.22,77,52,17.09,KE,2022-06-12 17:26:44
337,Christchurch,-43.5333,172.6333,44.8,70,11,13.8,NZ,2022-06-12 17:26:44
338,Mananjary,-21.2167,48.3333,70.18,66,53,6.11,MG,2022-06-12 17:26:45
339,Motihari,26.65,84.9167,92.28,45,42,15.1,IN,2022-06-12 17:26:45
340,Qinhuangdao,39.9317,119.5883,64.13,94,68,5.84,CN,2022-06-12 17:26:46
341,Tabou,4.423,-7.3528,80.89,72,63,8.21,CI,2022-06-12 17:26:46
342,Lagoa,39.05,-27.9833,61.97,74,6,21.65,PT,2022-06-12 17:26:47
343,Panjab,34.388,67.0233,60.33,27,48,0.2,AF,2022-06-12 17:26:47
344,Port Hedland,-20.3167,118.5667,69.85,73,100,0.0,AU,2022-06-12 17:26:47
345,Lakes Entrance,-37.8811,147.981,48.16,76,100,10.85,AU,2022-06-12 17:26:48
346,Paoua,7.2427,16.4406,78.6,61,49,1.57,CF,2022-06-12 17:26:48
347,Cernesti,47.5167,23.75,73.51,72,94,3.89,RO,2022-06-12 17:26:49
348,Otane,-39.8833,176.6333,49.01,91,92,7.58,NZ,2022-06-12 17:26:49
349,Ketchikan,55.3422,-131.6461,52.27,82,100,8.05,US,2022-06-12 17:26:50
350,Balabac,7.9868,117.0645,81.81,73,43,5.79,PH,2022-06-12 17:26:50
351,Kingman,35.1894,-114.053,95.18,4,0,21.85,US,2022-06-12 17:26:51
352,Kupang,-10.1667,123.5833,75.29,73,49,11.86,ID,2022-06-12 17:26:51
353,Andenes,69.3143,16.1194,46.38,81,75,13.8,NO,2022-06-12 17:26:52
354,Santa Branca,-23.3967,-45.8839,65.88,32,0,11.5,BR,2022-06-12 17:26:52
355,Alice Springs,-23.7,133.8833,38.75,87,0,3.44,AU,2022-06-12 17:24:05
356,Marsa Matruh,31.3525,27.2453,73.76,79,0,14.5,EG,2022-06-12 17:26:53
357,Drochia,48.035,27.8161,71.37,73,56,13.62,MD,2022-06-12 17:26:53
358,Wanlaweyn,2.6185,44.8938,78.13,72,89,18.41,SO,2022-06-12 17:26:54
359,Dhone,15.4167,77.8833,88.05,45,80,18.07,IN,2022-06-12 17:26:54
360,Rincon,32.296,-81.2354,90.86,63,75,10.36,US,2022-06-12 17:26:55
361,Atbasar,51.8,68.3333,62.64,60,46,6.69,KZ,2022-06-12 17:26:55
362,Amahai,-3.3333,128.9167,77.2,88,85,3.49,ID,2022-06-12 17:26:56
363,Maarianhamina,60.0973,19.9348,60.66,36,0,14.97,AX,2022-06-12 17:26:56
364,Hami,42.8,93.45,84.81,8,0,8.01,CN,2022-06-12 17:27:56
365,La Ronge,55.1001,-105.2842,64.65,59,40,6.91,CA,2022-06-12 17:27:57
366,Ravar,31.2656,56.8055,87.31,17,1,1.79,IR,2022-06-12 17:27:58
367,Wajima,37.4,136.9,59.59,85,27,8.37,JP,2022-06-12 17:27:58
368,Copala,16.65,-98.9833,85.42,62,8,4.47,MX,2022-06-12 17:27:59
369,Kataysk,56.289,62.5841,49.71,85,96,10.31,RU,2022-06-12 17:27:59
370,Mokhsogollokh,61.4681,128.9203,44.47,95,23,4.59,RU,2022-06-12 17:28:00
371,Ngunguru,-35.6167,174.5,58.23,84,21,20.09,NZ,2022-06-12 17:28:00
372,La Chapelle-Sur-Erdre,47.2958,-1.5531,75.06,47,0,9.22,FR,2022-06-12 17:28:00
373,Vardo,70.3705,31.1107,51.78,62,75,14.97,NO,2022-06-12 17:28:01
374,Aklavik,68.2191,-135.0107,37.4,87,100,12.66,CA,2022-06-12 17:28:01
375,Alyangula,-13.8483,136.4192,69.62,80,43,11.05,AU,2022-06-12 17:28:02
376,Vanimo,-2.6741,141.3028,77.49,88,30,4.76,PG,2022-06-12 17:28:02
377,Sinnamary,5.3833,-52.95,82.67,76,73,7.27,GF,2022-06-12 17:27:24
378,Bonavista,48.6499,-53.1147,57.88,70,100,9.01,CA,2022-06-12 17:28:03
379,Kungurtug,50.5994,97.5228,57.63,38,51,2.57,RU,2022-06-12 17:28:03
380,Imeni Poliny Osipenko,52.4201,136.4853,55.24,88,43,3.78,RU,2022-06-12 17:28:03
381,Gimli,50.6336,-96.9907,60.82,82,100,13.8,CA,2022-06-12 17:27:05
382,Damietta,31.4165,31.8133,76.15,72,0,17.43,EG,2022-06-12 17:28:04
383,Porto Novo,6.4965,2.6036,84.02,73,85,7.56,BJ,2022-06-12 17:28:04
384,Sobolevo,54.4299,31.8996,65.64,89,11,6.82,RU,2022-06-12 17:28:05
385,Balboa,2.0396,-77.2168,73.8,56,65,3.8,CO,2022-06-12 17:28:05
386,Eyl,7.9803,49.8164,81.48,71,100,24.83,SO,2022-06-12 17:28:06
387,Grand Gaube,-20.0064,57.6608,72.0,81,99,5.99,MU,2022-06-12 17:28:06
388,Southbridge,42.0751,-72.0334,77.07,74,100,5.01,US,2022-06-12 17:28:06
389,Marica,-22.9194,-42.8186,71.55,79,100,10.67,BR,2022-06-12 17:28:07
390,Tacoronte,28.4769,-16.4102,69.42,78,40,14.97,ES,2022-06-12 17:28:07
391,Banfora,10.6333,-4.7667,81.84,70,56,14.61,BF,2022-06-12 17:28:07
392,Langsa,4.4683,97.9683,73.58,96,100,2.06,ID,2022-06-12 17:28:08
393,Diapaga,12.0708,1.7889,97.52,28,86,5.41,BF,2022-06-12 17:28:08
394,Yuci,37.6803,112.7319,62.35,48,0,4.47,CN,2022-06-12 17:28:09
395,De Aar,-30.6497,24.0123,57.42,40,89,10.0,ZA,2022-06-12 17:28:09
396,Luwuk,-0.9516,122.7875,76.82,89,100,1.57,ID,2022-06-12 17:28:09
397,Cap-Aux-Meules,47.3821,-61.8597,62.65,77,40,6.91,CA,2022-06-12 17:28:10
398,Khani,41.9563,42.9566,60.37,88,100,6.11,GE,2022-06-12 17:28:10
399,Kisanga,-7.4362,37.7034,77.05,59,80,3.96,TZ,2022-06-12 17:27:12
400,Padang,-0.9492,100.3543,77.72,82,100,4.5,ID,2022-06-12 17:28:11
401,Ruidoso,33.3317,-105.673,88.05,14,0,11.5,US,2022-06-12 17:28:11
402,Lavrentiya,65.5833,-171.0,35.33,68,100,8.14,RU,2022-06-12 17:28:12
403,Necochea,-38.5473,-58.7368,59.79,36,28,8.08,AR,2022-06-12 17:28:12
404,Yumen,40.2833,97.2,70.59,8,0,7.27,CN,2022-06-12 17:28:12
405,Manokwari,-0.8667,134.0833,78.53,76,17,3.51,ID,2022-06-12 17:28:13
406,Sorland,67.667,12.6934,51.66,90,97,10.76,NO,2022-06-12 17:28:13
407,Te Anau,-45.4167,167.7167,35.62,96,96,0.38,NZ,2022-06-12 17:28:14
408,Evensk,61.95,159.2333,42.4,91,100,3.04,RU,2022-06-12 17:28:14
409,Suamico,44.6319,-88.0393,67.48,69,0,6.91,US,2022-06-12 17:28:14
410,Honningsvag,70.9821,25.9704,44.35,76,75,26.46,NO,2022-06-12 17:28:15
411,Uzhur,55.3036,89.8339,61.29,84,68,3.58,RU,2022-06-12 17:29:15
412,Dalby,-27.1833,151.2667,41.99,86,74,7.23,AU,2022-06-12 17:29:16
413,Caravelas,-17.7125,-39.2481,77.88,73,100,2.95,BR,2022-06-12 17:29:16
414,Kabinda,-6.1333,24.4833,79.27,41,92,3.69,CD,2022-06-12 17:29:17
415,Vanavara,60.34,102.2797,58.39,54,100,6.64,RU,2022-06-12 17:29:17
416,Plouzane,48.3833,-4.6167,64.58,59,75,12.66,FR,2022-06-12 17:29:17
417,Namatanai,-3.6667,152.4333,78.66,78,28,8.37,PG,2022-06-12 17:29:18
418,Buala,-8.145,159.5921,78.71,78,91,3.76,SB,2022-06-12 17:29:18
419,Guayaramerin,-10.8368,-65.3614,73.45,56,20,12.66,BO,2022-06-12 17:29:18
420,Balakhninskiy,58.0106,114.2769,48.42,70,1,1.83,RU,2022-06-12 17:29:19
421,Barguzin,53.6167,109.6167,53.08,58,47,0.51,RU,2022-06-12 17:29:19
422,Puerto Narino,-3.7703,-70.3831,76.19,67,100,4.52,CO,2022-06-12 17:29:20
423,Mitsamiouli,-11.3847,43.2844,79.0,70,39,9.17,KM,2022-06-12 17:29:20
424,Lewisville,33.0462,-96.9942,100.54,51,0,17.27,US,2022-06-12 17:27:59
425,Along,28.1667,94.7667,72.95,100,100,1.05,IN,2022-06-12 17:29:21
426,Zeya,53.75,127.2667,59.27,84,100,3.27,RU,2022-06-12 17:29:21
427,Gravdal,68.1214,13.5031,52.18,82,85,4.94,NO,2022-06-12 17:29:21
428,Gravelbourg,49.8834,-106.5512,71.87,41,20,9.48,CA,2022-06-12 17:29:22
429,Hanumangarh,29.5833,74.3167,98.58,19,0,7.78,IN,2022-06-12 17:29:22
430,Stoholm,56.4845,9.1462,58.95,77,51,15.35,DK,2022-06-12 17:29:23
431,Zhaoyuan,37.3592,120.3964,68.0,70,99,13.2,CN,2022-06-12 17:29:23
432,Norman Wells,65.282,-126.8329,41.04,100,100,11.5,CA,2022-06-12 17:29:24
433,Ceres,37.5949,-120.9577,83.01,41,75,6.91,US,2022-06-12 17:29:24
434,Skibbereen,51.55,-9.2667,58.1,65,51,17.67,IE,2022-06-12 17:29:25
435,Maniwaki,46.3834,-75.966,61.18,88,100,8.05,CA,2022-06-12 17:29:25
436,Wilmington,34.2257,-77.9447,84.94,78,75,0.0,US,2022-06-12 17:25:23
437,Berlevag,70.8578,29.0864,48.15,71,100,19.57,NO,2022-06-12 17:29:26
438,San Andres,12.5847,-81.7006,84.22,79,75,8.05,CO,2022-06-12 17:29:26
439,Tagusao,9.1924,117.8141,80.26,78,86,4.38,PH,2022-06-12 17:29:26
440,Dembi Dolo,8.5333,34.8,59.05,92,66,3.56,ET,2022-06-12 17:29:27
441,Jorochito,-18.05,-63.4333,70.12,32,0,6.06,BO,2022-06-12 17:29:27
442,Muroto,33.2833,134.15,71.24,76,100,6.78,JP,2022-06-12 17:29:28
443,Vallenar,-28.5708,-70.7581,76.17,20,4,4.54,CL,2022-06-12 17:29:28
444,Nan,18.8333,100.6667,73.69,93,83,0.87,TH,2022-06-12 17:29:29
445,Birnin Kebbi,12.4539,4.1975,98.49,29,30,5.57,NG,2022-06-12 17:29:29
446,Pacific Grove,36.6177,-121.9166,73.42,81,0,5.75,US,2022-06-12 17:29:29
447,Nabire,-3.3667,135.4833,74.64,93,87,3.4,ID,2022-06-12 17:29:30
448,Nome,64.5011,-165.4064,44.17,56,100,5.75,US,2022-06-12 17:29:30
449,Piacabucu,-10.4056,-36.4344,81.48,73,25,5.32,BR,2022-06-12 17:29:31
450,Buraydah,26.326,43.975,102.65,9,0,9.51,SA,2022-06-12 17:25:16
451,Arinos,-15.9169,-46.1056,91.47,27,67,0.98,BR,2022-06-12 17:29:31
452,Ulladulla,-35.35,150.4667,48.92,72,39,7.49,AU,2022-06-12 17:29:31
453,Lesnoy,57.6198,63.0784,53.13,99,100,6.64,RU,2022-06-12 17:29:32
454,Emba,48.8264,58.1442,63.95,78,65,8.68,KZ,2022-06-12 17:29:32
455,Oktyabrsk,49.4744,57.4233,62.13,75,92,5.93,KZ,2022-06-12 17:29:33
456,Bossier City,32.516,-93.7321,95.2,59,0,13.8,US,2022-06-12 17:27:43
457,Marawi,7.9986,124.2928,68.92,94,96,2.62,PH,2022-06-12 17:30:33
458,Suluq,31.6682,20.2521,75.96,59,0,16.35,LY,2022-06-12 17:30:34
459,Acapulco,16.8634,-99.8901,87.62,55,75,6.91,MX,2022-06-12 17:30:34
460,Bourail,-21.5667,165.4833,69.3,93,100,4.76,NC,2022-06-12 17:30:35
461,Raahe,64.6833,24.4833,60.89,85,84,9.84,FI,2022-06-12 17:30:35
462,Antalaha,-14.9003,50.2788,71.78,77,38,10.47,MG,2022-06-12 17:30:35
463,Ganzhou,28.8184,115.4327,68.32,98,100,2.39,CN,2022-06-12 17:30:36
464,Abonnema,4.7084,6.7931,79.68,82,92,6.55,NG,2022-06-12 17:30:36
465,Vila Franca Do Campo,37.7167,-25.4333,66.61,80,88,7.4,PT,2022-06-12 17:30:37
466,Starkville,33.4504,-88.8184,87.67,49,39,5.57,US,2022-06-12 17:30:37
467,Mehamn,71.0357,27.8492,48.11,76,75,19.57,NO,2022-06-12 17:30:38
468,Vangaindrano,-23.35,47.6,66.88,67,46,2.04,MG,2022-06-12 17:30:38
469,Rio Gallegos,-51.6226,-69.2181,46.45,76,0,8.05,AR,2022-06-12 17:30:38
470,Saint-Augustin,51.226,-58.6502,58.6,56,92,4.79,CA,2022-06-12 17:30:39
471,Korcula,42.9622,17.1369,78.8,60,0,3.89,HR,2022-06-12 17:30:39
472,Nelson Bay,-32.7167,152.15,48.99,79,4,14.58,AU,2022-06-12 17:28:43
473,Taksimo,56.3444,114.8794,52.7,55,6,1.66,RU,2022-06-12 17:30:40
474,Rehoboth,-23.3167,17.0833,59.9,35,0,7.65,NA,2022-06-12 17:30:40
475,Manggar,-2.8833,108.2667,78.62,84,100,2.89,ID,2022-06-12 17:30:41
476,Bilibino,68.0546,166.4372,52.7,41,76,4.05,RU,2022-06-12 17:30:41
477,Edd,13.9297,41.6925,88.27,66,71,4.32,ER,2022-06-12 17:30:41
478,Kenora,49.8167,-94.4337,63.57,63,100,11.5,CA,2022-06-12 17:28:45
479,Olafsvik,64.8945,-23.7142,47.66,82,88,6.2,IS,2022-06-12 17:30:42
480,Stephenville Crossing,48.5,-58.4318,57.22,87,20,9.22,CA,2022-06-12 17:28:01
481,Sibolga,1.7427,98.7792,75.61,87,99,4.45,ID,2022-06-12 17:30:42
482,Luderitz,-26.6481,15.1594,59.41,70,41,4.94,NA,2022-06-12 17:30:43
483,San Patricio,28.017,-97.5169,96.19,29,59,14.92,US,2022-06-12 17:30:43
484,Noumea,-22.2763,166.4572,73.0,99,100,6.42,NC,2022-06-12 17:30:44
485,Lorengau,-2.0226,147.2712,79.12,81,70,6.62,PG,2022-06-12 17:30:44
486,Susuman,62.7833,148.1667,44.28,76,12,1.19,RU,2022-06-12 17:30:44
487,Raudeberg,61.9875,5.1352,52.47,93,85,22.86,NO,2022-06-12 17:30:45
488,Manado,1.487,124.8455,75.97,94,40,2.3,ID,2022-06-12 17:30:45
489,Borzya,50.3833,116.5167,51.78,93,86,6.51,RU,2022-06-12 17:30:45
490,Samarai,-10.6167,150.6667,80.98,79,72,9.26,PG,2022-06-12 17:30:46
491,Glendive,47.1053,-104.7125,75.18,62,0,6.91,US,2022-06-12 17:30:46
492,Ust-Kuyga,70.0167,135.6,58.71,47,0,9.75,RU,2022-06-12 17:30:47
493,Trapani,37.8333,12.6667,76.24,78,20,12.66,IT,2022-06-12 17:30:47
494,Flin Flon,54.7682,-101.865,71.44,46,40,3.44,CA,2022-06-12 17:30:48
495,Leh,34.1667,77.5833,49.89,68,91,2.44,IN,2022-06-12 17:30:48
496,Harnosand,62.6323,17.9379,59.0,60,74,11.81,SE,2022-06-12 17:30:48
497,Inuvik,68.3499,-133.7218,38.16,90,100,9.22,CA,2022-06-12 17:30:49
498,Princeton,25.5384,-80.4089,94.01,66,75,6.91,US,2022-06-12 17:29:45
499,Jalu,29.0331,21.5482,83.62,37,0,21.18,LY,2022-06-12 17:30:49
500,Anchorage,61.2181,-149.9003,57.65,67,0,5.75,US,2022-06-12 17:30:00
501,Iisalmi,63.5592,27.1907,61.23,68,92,3.53,FI,2022-06-12 17:30:50
502,Sampit,-2.5333,112.95,74.43,98,100,1.57,ID,2022-06-12 17:30:50
503,Kalmunai,7.4167,81.8167,82.94,76,96,1.32,LK,2022-06-12 17:31:51
504,Vila Velha,-20.3297,-40.2925,73.35,85,100,8.05,BR,2022-06-12 17:31:51
505,Kargasok,59.0556,80.8572,57.51,94,88,6.02,RU,2022-06-12 17:31:52
506,Manaure,11.7751,-72.4445,87.31,61,100,17.98,CO,2022-06-12 17:31:52
507,Shaunavon,49.6501,-108.4181,67.78,38,33,14.05,CA,2022-06-12 17:31:53
508,Gat,31.61,34.7642,75.88,100,0,6.15,IL,2022-06-12 17:31:53
509,Fort Smith,35.3859,-94.3986,97.38,56,0,5.75,US,2022-06-12 17:31:53
510,Puerto Baquerizo Moreno,-0.9,-89.6,76.19,78,75,14.97,EC,2022-06-12 17:31:54
511,Ziro,27.6333,93.8333,58.75,99,100,1.86,IN,2022-06-12 17:31:54
512,Ciamis,-7.3257,108.3534,73.74,98,100,2.17,ID,2022-06-12 17:31:55
513,Weihe,32.9952,105.3247,61.95,91,100,3.87,CN,2022-06-12 17:31:55
514,Vestmannaeyjar,63.4427,-20.2734,49.19,81,75,17.27,IS,2022-06-12 17:31:56
515,Lashio,22.9333,97.75,68.13,99,96,1.45,MM,2022-06-12 17:31:56
516,Erenhot,43.6475,111.9767,59.67,55,90,17.98,CN,2022-06-12 17:31:56
517,Ocampo,21.65,-101.5,75.31,25,36,8.25,MX,2022-06-12 17:31:57
518,Eganville,45.5334,-77.0994,64.51,74,99,8.28,CA,2022-06-12 17:31:57
519,Coffs Harbour,-30.3,153.1333,44.13,87,95,8.05,AU,2022-06-12 17:31:58
520,Lloydminster,53.2835,-110.0016,64.62,55,75,4.61,CA,2022-06-12 17:27:41
521,Torres,-29.3353,-49.7269,62.83,49,0,11.77,BR,2022-06-12 17:31:58
522,Trincomalee,8.5711,81.2335,81.81,74,100,19.04,LK,2022-06-12 17:31:59
523,Potosi,-19.5836,-65.7531,45.82,10,0,1.28,BO,2022-06-12 17:31:59
524,Takoradi,4.8845,-1.7554,78.42,76,77,7.96,GH,2022-06-12 17:31:59
525,Show Low,34.2542,-110.0298,86.29,16,0,13.8,US,2022-06-12 17:31:29
526,Bafq,31.6128,55.4107,90.18,14,9,8.28,IR,2022-06-12 17:32:00
527,Aykino,62.2248,49.9922,50.74,62,14,4.14,RU,2022-06-12 17:32:00
528,Nuuk,64.1835,-51.7216,36.21,80,100,10.36,GL,2022-06-12 17:32:01
529,Kazlu Ruda,54.7667,23.5,67.98,81,71,6.31,LT,2022-06-12 17:32:01
530,Chama,47.1821,8.4636,86.04,40,2,2.3,CH,2022-06-12 17:32:02
531,Otjiwarongo,-20.4637,16.6477,57.97,39,0,7.76,NA,2022-06-12 17:32:02
532,Stephenville,32.2207,-98.2023,100.76,33,0,12.66,US,2022-06-12 17:28:25
533,Chapais,49.7834,-74.8492,58.78,94,100,6.67,CA,2022-06-12 17:32:03
534,Kuching,1.55,110.3333,75.42,100,40,3.44,MY,2022-06-12 17:32:03
535,Halifax,44.6453,-63.5724,82.53,60,55,8.99,CA,2022-06-12 17:29:56
536,Honiara,-9.4333,159.95,74.89,77,11,3.98,SB,2022-06-12 17:32:04
537,Kiama,-34.6833,150.8667,53.01,77,14,3.0,AU,2022-06-12 17:32:04
538,Acarau,-2.8856,-40.12,83.89,68,85,10.96,BR,2022-06-12 17:29:28
539,Sao Tome,0.3365,6.7273,79.5,77,46,5.46,ST,2022-06-12 17:32:05
540,Port-Gentil,-0.7193,8.7815,80.56,83,40,6.91,GA,2022-06-12 17:32:05
541,Luena,-11.7833,19.9167,59.97,45,10,3.96,AO,2022-06-12 17:32:05
542,Nara,34.6851,135.8049,64.49,55,100,1.34,JP,2022-06-12 17:32:06
543,Banjar,-8.19,114.9675,77.22,90,81,3.33,ID,2022-06-12 17:32:06
544,Syracuse,37.0881,15.2792,81.99,59,0,5.12,IT,2022-06-12 17:32:07
545,Kenai,60.5544,-151.2583,59.02,80,20,5.75,US,2022-06-12 17:32:07
546,Santa Helena De Goias,-17.8136,-50.5969,74.25,41,97,8.75,BR,2022-06-12 17:32:07
547,Surgut,61.25,73.4167,59.18,93,40,2.24,RU,2022-06-12 17:32:08
548,Solnechnyy,50.7214,136.6319,56.71,83,97,3.6,RU,2022-06-12 17:27:30
549,Rojhan,28.6868,69.9534,99.64,31,61,18.07,PK,2022-06-12 17:32:08
550,Den Helder,52.9599,4.7593,63.99,70,75,10.36,NL,2022-06-12 17:33:09
551,Petropavlovsk-Kamchatskiy,53.0452,158.6483,48.79,62,75,2.24,RU,2022-06-12 17:31:15
552,Chambery,45.5667,5.9333,83.73,49,0,3.44,FR,2022-06-12 17:33:09
553,Nova Olimpia,-14.7972,-57.2881,74.03,44,90,6.87,BR,2022-06-12 17:33:10
554,Kaman,27.65,77.2667,98.08,22,37,11.12,IN,2022-06-12 17:33:10
555,Wangkui,46.8333,126.5,63.03,89,100,8.93,CN,2022-06-12 17:33:10
556,Labuhan,-6.8844,112.2051,78.73,85,96,4.74,ID,2022-06-12 17:33:11
557,Ponta Delgada,37.7333,-25.6667,66.92,72,40,11.5,PT,2022-06-12 17:33:11
558,Ocos,14.5094,-92.1933,86.18,71,73,5.48,GT,2022-06-12 17:33:12
559,Morro Bay,35.3658,-120.8499,89.38,63,22,8.01,US,2022-06-12 17:33:11
560,Arklow,52.7931,-6.1414,58.55,71,98,13.02,IE,2022-06-12 17:33:12
561,Ekibastuz,51.6667,75.3667,70.97,47,89,1.7,KZ,2022-06-12 17:33:13
562,Araouane,18.9048,-3.5265,102.07,16,43,20.47,ML,2022-06-12 17:33:13
563,Zolotonosha,49.6689,32.0377,68.47,79,29,8.01,UA,2022-06-12 17:33:13
564,Bulgan,48.8125,103.5347,57.24,44,9,2.08,MN,2022-06-12 17:33:14
565,Chebsara,59.2002,38.8356,63.73,72,8,3.56,RU,2022-06-12 17:33:14
566,Sterling,39.0062,-77.4286,80.28,75,40,8.05,US,2022-06-12 17:33:15
567,Thaton,16.9206,97.3714,77.56,90,100,4.61,MM,2022-06-12 17:33:15
568,Kimbe,-5.5502,150.1429,74.41,93,33,3.47,PG,2022-06-12 17:33:16
569,Moyo,3.6609,31.7247,74.39,53,30,3.71,UG,2022-06-12 17:33:16
570,Nantong,32.0303,120.8747,72.0,86,100,1.01,CN,2022-06-12 17:33:16
571,Ossora,59.2353,163.0719,42.98,94,100,2.15,RU,2022-06-12 17:33:17
572,Sciacca,37.5082,13.0881,77.0,50,1,12.28,IT,2022-06-12 17:33:17
573,Bonthe,7.5264,-12.505,81.36,76,93,8.68,SL,2022-06-12 17:33:17
574,Urubicha,-15.3833,-62.95,74.48,20,16,4.59,BO,2022-06-12 17:33:18
575,Kashan,33.9831,51.4364,92.79,14,0,0.0,IR,2022-06-12 17:33:18
576,Semenivka,52.1783,32.5818,63.91,85,12,6.8,UA,2022-06-12 17:33:18
577,Kumluca,36.3703,30.2869,74.35,73,17,5.32,TR,2022-06-12 17:33:19
578,Pilar,-9.5972,-35.9567,84.13,79,19,6.62,BR,2022-06-12 17:33:19
